Time (%),Total Time (ns),Instances,Avg (ns),Med (ns),Min (ns),Max (ns),StdDev (ns),Range
50.3,59918829,1,59918829.0,59918829.0,59918829,59918829,0.0,decode_profile_window
4.5,5320618,1,5320618.0,5320618.0,5320618,5320618,0.0,reference::rope_gqa_decode_b32
3.7,4457423,1,4457423.0,4457423.0,4457423,4457423,0.0,custom::sampling_decode_b32
3.4,4046141,1,4046141.0,4046141.0,4046141,4046141,0.0,reference::sampling_decode_b32
2.5,2959747,1,2959747.0,2959747.0,2959747,2959747,0.0,reference::rms_quant_decode_b32
2.1,2509739,1,2509739.0,2509739.0,2509739,2509739,0.0,reference::kv_append_decode_b32
1.5,1819239,1,1819239.0,1819239.0,1819239,1819239,0.0,reference::residual_rms_decode_b1
1.3,1495617,1,1495617.0,1495617.0,1495617,1495617,0.0,reference::residual_rms_decode_b32
1.2,1402037,1,1402037.0,1402037.0,1402037,1402037,0.0,reference::swiglu_decode_b32
0.9,1125201,1,1125201.0,1125201.0,1125201,1125201,0.0,reference::swiglu_decode_b1
0.7,806932,1,806932.0,806932.0,806932,806932,0.0,custom::residual_rms_decode_b1
0.6,761540,1,761540.0,761540.0,761540,761540,0.0,custom::rope_gqa_decode_b32
0.5,646095,1,646095.0,646095.0,646095,646095,0.0,custom::swiglu_decode_b32
0.5,621533,1,621533.0,621533.0,621533,621533,0.0,custom::residual_rms_decode_b32
0.5,611380,1,611380.0,611380.0,611380,611380,0.0,custom::rms_quant_decode_b32
0.5,574371,1,574371.0,574371.0,574371,574371,0.0,custom::swiglu_decode_b1
0.5,550584,1,550584.0,550584.0,550584,550584,0.0,reference_iteration::rope_gqa_decode_b32::0
0.5,547984,1,547984.0,547984.0,547984,547984,0.0,custom::kv_append_decode_b32
0.4,499393,1,499393.0,499393.0,499393,499393,0.0,custom_iteration::sampling_decode_b32::0
0.4,485379,1,485379.0,485379.0,485379,485379,0.0,reference_iteration::rope_gqa_decode_b32::3
0.4,446744,1,446744.0,446744.0,446744,446744,0.0,custom_iteration::sampling_decode_b32::1
0.4,435214,1,435214.0,435214.0,435214,435214,0.0,reference_iteration::rope_gqa_decode_b32::11
0.4,421837,1,421837.0,421837.0,421837,421837,0.0,reference_iteration::rope_gqa_decode_b32::1
0.4,421008,1,421008.0,421008.0,421008,421008,0.0,reference_iteration::rope_gqa_decode_b32::5
0.4,420328,1,420328.0,420328.0,420328,420328,0.0,reference_iteration::rope_gqa_decode_b32::7
0.4,418669,1,418669.0,418669.0,418669,418669,0.0,custom_iteration::sampling_decode_b32::2
0.4,417350,1,417350.0,417350.0,417350,417350,0.0,reference_iteration::rope_gqa_decode_b32::9
0.4,416806,1,416806.0,416806.0,416806,416806,0.0,reference_iteration::rope_gqa_decode_b32::2
0.3,416600,1,416600.0,416600.0,416600,416600,0.0,reference_iteration::rope_gqa_decode_b32::10
0.3,415555,1,415555.0,415555.0,415555,415555,0.0,reference_iteration::rope_gqa_decode_b32::6
0.3,414922,1,414922.0,414922.0,414922,414922,0.0,reference_iteration::rope_gqa_decode_b32::8
0.3,412970,1,412970.0,412970.0,412970,412970,0.0,reference_iteration::rope_gqa_decode_b32::4
0.3,358617,1,358617.0,358617.0,358617,358617,0.0,custom::small_n_linear_b1
0.3,355260,1,355260.0,355260.0,355260,355260,0.0,custom_iteration::sampling_decode_b32::10
0.3,351386,1,351386.0,351386.0,351386,351386,0.0,reference_iteration::sampling_decode_b32::0
0.3,343239,1,343239.0,343239.0,343239,343239,0.0,custom_iteration::sampling_decode_b32::3
0.3,330746,1,330746.0,330746.0,330746,330746,0.0,custom_iteration::sampling_decode_b32::8
0.3,330457,1,330457.0,330457.0,330457,330457,0.0,custom_iteration::sampling_decode_b32::5
0.3,330298,1,330298.0,330298.0,330298,330298,0.0,custom_iteration::sampling_decode_b32::11
0.3,329448,1,329448.0,329448.0,329448,329448,0.0,reference_iteration::sampling_decode_b32::5
0.3,328951,1,328951.0,328951.0,328951,328951,0.0,reference_iteration::sampling_decode_b32::8
0.3,328789,1,328789.0,328789.0,328789,328789,0.0,reference_iteration::sampling_decode_b32::2
0.3,328424,1,328424.0,328424.0,328424,328424,0.0,reference_iteration::sampling_decode_b32::4
0.3,328082,1,328082.0,328082.0,328082,328082,0.0,reference_iteration::residual_rms_decode_b1::6
0.3,328078,1,328078.0,328078.0,328078,328078,0.0,reference_iteration::sampling_decode_b32::11
0.3,325031,1,325031.0,325031.0,325031,325031,0.0,custom_iteration::sampling_decode_b32::6
0.3,325017,1,325017.0,325017.0,325017,325017,0.0,reference_iteration::sampling_decode_b32::6
0.3,324379,1,324379.0,324379.0,324379,324379,0.0,custom_iteration::sampling_decode_b32::7
0.3,324365,1,324365.0,324365.0,324365,324365,0.0,custom_iteration::sampling_decode_b32::4
0.3,323818,1,323818.0,323818.0,323818,323818,0.0,reference_iteration::sampling_decode_b32::1
0.3,323594,1,323594.0,323594.0,323594,323594,0.0,custom_iteration::sampling_decode_b32::9
0.3,323549,1,323549.0,323549.0,323549,323549,0.0,reference_iteration::sampling_decode_b32::7
0.3,322584,1,322584.0,322584.0,322584,322584,0.0,reference_iteration::sampling_decode_b32::9
0.3,322297,1,322297.0,322297.0,322297,322297,0.0,reference_iteration::sampling_decode_b32::10
0.3,321667,1,321667.0,321667.0,321667,321667,0.0,reference_iteration::sampling_decode_b32::3
0.3,315822,1,315822.0,315822.0,315822,315822,0.0,reference::small_n_linear_b1
0.2,295092,1,295092.0,295092.0,295092,295092,0.0,reference_iteration::rms_quant_decode_b32::9
0.2,268291,1,268291.0,268291.0,268291,268291,0.0,reference_iteration::rms_quant_decode_b32::3
0.2,266513,1,266513.0,266513.0,266513,266513,0.0,reference_iteration::kv_append_decode_b32::0
0.2,246155,1,246155.0,246155.0,246155,246155,0.0,reference_iteration::rms_quant_decode_b32::1
0.2,242917,1,242917.0,242917.0,242917,242917,0.0,reference_iteration::rms_quant_decode_b32::0
0.2,235450,1,235450.0,235450.0,235450,235450,0.0,reference_iteration::rms_quant_decode_b32::11
0.2,234027,1,234027.0,234027.0,234027,234027,0.0,reference_iteration::rms_quant_decode_b32::7
0.2,231924,1,231924.0,231924.0,231924,231924,0.0,reference_iteration::rms_quant_decode_b32::6
0.2,231094,1,231094.0,231094.0,231094,231094,0.0,reference_iteration::rms_quant_decode_b32::8
0.2,229379,1,229379.0,229379.0,229379,229379,0.0,reference_iteration::residual_rms_decode_b1::0
0.2,226712,1,226712.0,226712.0,226712,226712,0.0,reference_iteration::rms_quant_decode_b32::4
0.2,223748,1,223748.0,223748.0,223748,223748,0.0,reference_iteration::rms_quant_decode_b32::5
0.2,214790,1,214790.0,214790.0,214790,214790,0.0,reference_iteration::rms_quant_decode_b32::2
0.2,205239,1,205239.0,205239.0,205239,205239,0.0,reference_iteration::kv_append_decode_b32::2
0.2,200237,1,200237.0,200237.0,200237,200237,0.0,reference_iteration::kv_append_decode_b32::1
0.2,199643,1,199643.0,199643.0,199643,199643,0.0,reference_iteration::rms_quant_decode_b32::10
0.2,198542,1,198542.0,198542.0,198542,198542,0.0,reference_iteration::kv_append_decode_b32::7
0.2,197198,1,197198.0,197198.0,197198,197198,0.0,reference_iteration::kv_append_decode_b32::3
0.2,193740,1,193740.0,193740.0,193740,193740,0.0,reference_iteration::kv_append_decode_b32::4
0.2,193623,1,193623.0,193623.0,193623,193623,0.0,reference_iteration::kv_append_decode_b32::8
0.2,192875,1,192875.0,192875.0,192875,192875,0.0,reference_iteration::kv_append_decode_b32::5
0.2,192565,1,192565.0,192565.0,192565,192565,0.0,reference_iteration::kv_append_decode_b32::11
0.2,192515,1,192515.0,192515.0,192515,192515,0.0,reference_iteration::kv_append_decode_b32::9
0.2,192435,1,192435.0,192435.0,192435,192435,0.0,reference_iteration::kv_append_decode_b32::6
0.2,191879,1,191879.0,191879.0,191879,191879,0.0,reference_iteration::kv_append_decode_b32::10
0.1,175243,1,175243.0,175243.0,175243,175243,0.0,custom_iteration::residual_rms_decode_b1::0
0.1,135418,1,135418.0,135418.0,135418,135418,0.0,reference_iteration::swiglu_decode_b32::0
0.1,133179,1,133179.0,133179.0,133179,133179,0.0,reference_iteration::residual_rms_decode_b32::0
0.1,125191,1,125191.0,125191.0,125191,125191,0.0,reference_iteration::residual_rms_decode_b1::1
0.1,124062,1,124062.0,124062.0,124062,124062,0.0,custom_iteration::rope_gqa_decode_b32::0
0.1,121456,1,121456.0,121456.0,121456,121456,0.0,reference_iteration::residual_rms_decode_b1::5
0.1,121337,1,121337.0,121337.0,121337,121337,0.0,reference_iteration::residual_rms_decode_b32::2
0.1,118536,1,118536.0,118536.0,118536,118536,0.0,reference_iteration::residual_rms_decode_b32::10
0.1,118517,1,118517.0,118517.0,118517,118517,0.0,reference_iteration::residual_rms_decode_b1::11
0.1,117243,1,117243.0,117243.0,117243,117243,0.0,reference_iteration::residual_rms_decode_b1::7
0.1,116589,1,116589.0,116589.0,116589,116589,0.0,reference_iteration::residual_rms_decode_b32::1
0.1,116180,1,116180.0,116180.0,116180,116180,0.0,reference_iteration::residual_rms_decode_b32::6
0.1,115899,1,115899.0,115899.0,115899,115899,0.0,reference_iteration::residual_rms_decode_b32::5
0.1,115763,1,115763.0,115763.0,115763,115763,0.0,reference_iteration::residual_rms_decode_b1::2
0.1,115699,1,115699.0,115699.0,115699,115699,0.0,reference_iteration::residual_rms_decode_b1::8
0.1,115616,1,115616.0,115616.0,115616,115616,0.0,reference_iteration::residual_rms_decode_b1::9
0.1,115498,1,115498.0,115498.0,115498,115498,0.0,reference_iteration::residual_rms_decode_b32::9
0.1,115065,1,115065.0,115065.0,115065,115065,0.0,reference_iteration::residual_rms_decode_b32::11
0.1,114894,1,114894.0,114894.0,114894,114894,0.0,reference_iteration::residual_rms_decode_b32::3
0.1,114764,1,114764.0,114764.0,114764,114764,0.0,reference_iteration::swiglu_decode_b32::10
0.1,114233,1,114233.0,114233.0,114233,114233,0.0,reference_iteration::residual_rms_decode_b1::10
0.1,114188,1,114188.0,114188.0,114188,114188,0.0,reference_iteration::residual_rms_decode_b1::3
0.1,113817,1,113817.0,113817.0,113817,113817,0.0,reference_iteration::residual_rms_decode_b1::4
0.1,113783,1,113783.0,113783.0,113783,113783,0.0,reference_iteration::residual_rms_decode_b32::4
0.1,113691,1,113691.0,113691.0,113691,113691,0.0,reference_iteration::residual_rms_decode_b32::7
0.1,113665,1,113665.0,113665.0,113665,113665,0.0,reference_iteration::residual_rms_decode_b32::8
0.1,105575,1,105575.0,105575.0,105575,105575,0.0,reference_iteration::swiglu_decode_b32::6
0.1,104782,1,104782.0,104782.0,104782,104782,0.0,reference_iteration::swiglu_decode_b32::9
0.1,104774,1,104774.0,104774.0,104774,104774,0.0,reference_iteration::swiglu_decode_b1::0
0.1,103194,1,103194.0,103194.0,103194,103194,0.0,reference_iteration::swiglu_decode_b32::7
0.1,102613,1,102613.0,102613.0,102613,102613,0.0,reference_iteration::swiglu_decode_b1::8
0.1,99705,1,99705.0,99705.0,99705,99705,0.0,reference_iteration::swiglu_decode_b32::4
0.1,98719,1,98719.0,98719.0,98719,98719,0.0,reference_iteration::swiglu_decode_b32::1
0.1,98125,1,98125.0,98125.0,98125,98125,0.0,reference_iteration::swiglu_decode_b32::3
0.1,97754,1,97754.0,97754.0,97754,97754,0.0,reference_iteration::swiglu_decode_b32::2
0.1,95254,1,95254.0,95254.0,95254,95254,0.0,reference_iteration::swiglu_decode_b32::5
0.1,92097,1,92097.0,92097.0,92097,92097,0.0,reference_iteration::swiglu_decode_b1::11
0.1,91420,1,91420.0,91420.0,91420,91420,0.0,reference_iteration::swiglu_decode_b32::11
0.1,87100,1,87100.0,87100.0,87100,87100,0.0,reference_iteration::swiglu_decode_b1::10
0.1,86707,1,86707.0,86707.0,86707,86707,0.0,reference_iteration::swiglu_decode_b1::9
0.1,84839,1,84839.0,84839.0,84839,84839,0.0,reference_iteration::swiglu_decode_b1::5
0.1,84019,1,84019.0,84019.0,84019,84019,0.0,reference_iteration::swiglu_decode_b1::1
0.1,83638,1,83638.0,83638.0,83638,83638,0.0,reference_iteration::swiglu_decode_b32::8
0.1,82449,1,82449.0,82449.0,82449,82449,0.0,reference_iteration::swiglu_decode_b1::2
0.1,82076,1,82076.0,82076.0,82076,82076,0.0,reference_iteration::swiglu_decode_b1::4
0.1,81607,1,81607.0,81607.0,81607,81607,0.0,reference_iteration::swiglu_decode_b1::6
0.1,81576,1,81576.0,81576.0,81576,81576,0.0,reference_iteration::swiglu_decode_b1::3
0.1,81354,1,81354.0,81354.0,81354,81354,0.0,reference_iteration::swiglu_decode_b1::7
0.1,73933,1,73933.0,73933.0,73933,73933,0.0,custom_iteration::rope_gqa_decode_b32::2
0.1,63992,1,63992.0,63992.0,63992,63992,0.0,custom_iteration::kv_append_decode_b32::0
0.1,63979,1,63979.0,63979.0,63979,63979,0.0,custom_iteration::swiglu_decode_b1::0
0.1,63906,1,63906.0,63906.0,63906,63906,0.0,custom_iteration::residual_rms_decode_b1::2
0.1,62482,1,62482.0,62482.0,62482,62482,0.0,custom_iteration::residual_rms_decode_b32::0
0.1,61689,1,61689.0,61689.0,61689,61689,0.0,custom_iteration::swiglu_decode_b32::0
0.1,61551,1,61551.0,61551.0,61551,61551,0.0,custom_iteration::rms_quant_decode_b32::0
0.1,60664,1,60664.0,60664.0,60664,60664,0.0,custom_iteration::residual_rms_decode_b1::5
0.0,56229,1,56229.0,56229.0,56229,56229,0.0,custom_iteration::rope_gqa_decode_b32::1
0.0,55478,1,55478.0,55478.0,55478,55478,0.0,custom_iteration::residual_rms_decode_b1::1
0.0,54678,1,54678.0,54678.0,54678,54678,0.0,custom_iteration::small_n_linear_b1::0
0.0,53837,1,53837.0,53837.0,53837,53837,0.0,custom_iteration::swiglu_decode_b32::6
0.0,53059,1,53059.0,53059.0,53059,53059,0.0,custom_iteration::residual_rms_decode_b1::7
0.0,49349,1,49349.0,49349.0,49349,49349,0.0,custom_iteration::swiglu_decode_b32::5
0.0,49225,1,49225.0,49225.0,49225,49225,0.0,custom_iteration::rope_gqa_decode_b32::10
0.0,49067,1,49067.0,49067.0,49067,49067,0.0,custom_iteration::residual_rms_decode_b1::4
0.0,48334,1,48334.0,48334.0,48334,48334,0.0,custom_iteration::rope_gqa_decode_b32::4
0.0,48236,1,48236.0,48236.0,48236,48236,0.0,custom_iteration::residual_rms_decode_b32::1
0.0,47634,1,47634.0,47634.0,47634,47634,0.0,custom_iteration::rope_gqa_decode_b32::3
0.0,47134,1,47134.0,47134.0,47134,47134,0.0,custom_iteration::rope_gqa_decode_b32::5
0.0,46987,1,46987.0,46987.0,46987,46987,0.0,custom_iteration::residual_rms_decode_b1::3
0.0,46817,1,46817.0,46817.0,46817,46817,0.0,custom_iteration::rope_gqa_decode_b32::6
0.0,46539,1,46539.0,46539.0,46539,46539,0.0,custom_iteration::rope_gqa_decode_b32::8
0.0,46419,1,46419.0,46419.0,46419,46419,0.0,custom_iteration::rope_gqa_decode_b32::11
0.0,46344,1,46344.0,46344.0,46344,46344,0.0,custom_iteration::swiglu_decode_b32::1
0.0,46133,1,46133.0,46133.0,46133,46133,0.0,custom_iteration::residual_rms_decode_b32::2
0.0,45989,1,45989.0,45989.0,45989,45989,0.0,custom_iteration::rope_gqa_decode_b32::7
0.0,45804,1,45804.0,45804.0,45804,45804,0.0,custom_iteration::rope_gqa_decode_b32::9
0.0,45213,1,45213.0,45213.0,45213,45213,0.0,custom_iteration::rms_quant_decode_b32::1
0.0,45213,1,45213.0,45213.0,45213,45213,0.0,custom_iteration::swiglu_decode_b1::1
0.0,45034,1,45034.0,45034.0,45034,45034,0.0,custom_iteration::residual_rms_decode_b32::3
0.0,45021,1,45021.0,45021.0,45021,45021,0.0,custom_iteration::rms_quant_decode_b32::7
0.0,44895,1,44895.0,44895.0,44895,44895,0.0,custom_iteration::rms_quant_decode_b32::2
0.0,44662,1,44662.0,44662.0,44662,44662,0.0,custom_iteration::rms_quant_decode_b32::4
0.0,44477,1,44477.0,44477.0,44477,44477,0.0,custom_iteration::swiglu_decode_b32::10
0.0,44415,1,44415.0,44415.0,44415,44415,0.0,custom_iteration::residual_rms_decode_b32::9
0.0,43977,1,43977.0,43977.0,43977,43977,0.0,custom_iteration::swiglu_decode_b32::7
0.0,43919,1,43919.0,43919.0,43919,43919,0.0,custom_iteration::swiglu_decode_b32::2
0.0,43819,1,43819.0,43819.0,43819,43819,0.0,custom_iteration::residual_rms_decode_b1::11
0.0,43450,1,43450.0,43450.0,43450,43450,0.0,custom_iteration::residual_rms_decode_b1::6
0.0,43384,1,43384.0,43384.0,43384,43384,0.0,custom_iteration::swiglu_decode_b32::8
0.0,43208,1,43208.0,43208.0,43208,43208,0.0,custom_iteration::residual_rms_decode_b1::8
0.0,43128,1,43128.0,43128.0,43128,43128,0.0,custom_iteration::residual_rms_decode_b32::10
0.0,43078,1,43078.0,43078.0,43078,43078,0.0,custom_iteration::rms_quant_decode_b32::3
0.0,43070,1,43070.0,43070.0,43070,43070,0.0,custom_iteration::residual_rms_decode_b32::4
0.0,42964,1,42964.0,42964.0,42964,42964,0.0,custom_iteration::swiglu_decode_b32::11
0.0,42947,1,42947.0,42947.0,42947,42947,0.0,custom_iteration::swiglu_decode_b1::5
0.0,42886,1,42886.0,42886.0,42886,42886,0.0,custom_iteration::rms_quant_decode_b32::5
0.0,42868,1,42868.0,42868.0,42868,42868,0.0,custom_iteration::swiglu_decode_b32::9
0.0,42784,1,42784.0,42784.0,42784,42784,0.0,custom_iteration::residual_rms_decode_b32::5
0.0,42687,1,42687.0,42687.0,42687,42687,0.0,custom_iteration::residual_rms_decode_b32::8
0.0,42640,1,42640.0,42640.0,42640,42640,0.0,custom_iteration::swiglu_decode_b32::3
0.0,42623,1,42623.0,42623.0,42623,42623,0.0,custom_iteration::rms_quant_decode_b32::9
0.0,42604,1,42604.0,42604.0,42604,42604,0.0,custom_iteration::swiglu_decode_b32::4
0.0,42593,1,42593.0,42593.0,42593,42593,0.0,custom_iteration::kv_append_decode_b32::1
0.0,42441,1,42441.0,42441.0,42441,42441,0.0,custom_iteration::rms_quant_decode_b32::8
0.0,42390,1,42390.0,42390.0,42390,42390,0.0,custom_iteration::residual_rms_decode_b1::9
0.0,42254,1,42254.0,42254.0,42254,42254,0.0,custom_iteration::residual_rms_decode_b1::10
0.0,42157,1,42157.0,42157.0,42157,42157,0.0,custom_iteration::residual_rms_decode_b32::6
0.0,42127,1,42127.0,42127.0,42127,42127,0.0,custom_iteration::residual_rms_decode_b32::11
0.0,41943,1,41943.0,41943.0,41943,41943,0.0,custom_iteration::residual_rms_decode_b32::7
0.0,41810,1,41810.0,41810.0,41810,41810,0.0,custom_iteration::kv_append_decode_b32::2
0.0,41318,1,41318.0,41318.0,41318,41318,0.0,custom_iteration::rms_quant_decode_b32::11
0.0,41189,1,41189.0,41189.0,41189,41189,0.0,custom_iteration::rms_quant_decode_b32::6
0.0,41077,1,41077.0,41077.0,41077,41077,0.0,custom_iteration::swiglu_decode_b1::2
0.0,40962,1,40962.0,40962.0,40962,40962,0.0,custom_iteration::rms_quant_decode_b32::10
0.0,40490,1,40490.0,40490.0,40490,40490,0.0,custom_iteration::swiglu_decode_b1::3
0.0,39122,1,39122.0,39122.0,39122,39122,0.0,custom_iteration::swiglu_decode_b1::6
0.0,38633,1,38633.0,38633.0,38633,38633,0.0,custom_iteration::swiglu_decode_b1::4
0.0,38562,1,38562.0,38562.0,38562,38562,0.0,custom_iteration::swiglu_decode_b1::7
0.0,38227,1,38227.0,38227.0,38227,38227,0.0,custom_iteration::swiglu_decode_b1::9
0.0,38223,1,38223.0,38223.0,38223,38223,0.0,custom_iteration::swiglu_decode_b1::10
0.0,38154,1,38154.0,38154.0,38154,38154,0.0,custom_iteration::swiglu_decode_b1::11
0.0,37959,1,37959.0,37959.0,37959,37959,0.0,custom_iteration::swiglu_decode_b1::8
0.0,37512,1,37512.0,37512.0,37512,37512,0.0,custom_iteration::kv_append_decode_b32::3
0.0,36425,1,36425.0,36425.0,36425,36425,0.0,custom_iteration::kv_append_decode_b32::10
0.0,36026,1,36026.0,36026.0,36026,36026,0.0,custom_iteration::kv_append_decode_b32::5
0.0,36021,1,36021.0,36021.0,36021,36021,0.0,custom_iteration::kv_append_decode_b32::4
0.0,35852,1,35852.0,35852.0,35852,35852,0.0,custom_iteration::kv_append_decode_b32::11
0.0,35837,1,35837.0,35837.0,35837,35837,0.0,custom_iteration::kv_append_decode_b32::7
0.0,35674,1,35674.0,35674.0,35674,35674,0.0,custom_iteration::kv_append_decode_b32::8
0.0,35661,1,35661.0,35661.0,35661,35661,0.0,custom_iteration::kv_append_decode_b32::6
0.0,35654,1,35654.0,35654.0,35654,35654,0.0,custom_iteration::kv_append_decode_b32::9
0.0,25109,1,25109.0,25109.0,25109,25109,0.0,custom_iteration::small_n_linear_b1::1
0.0,22567,1,22567.0,22567.0,22567,22567,0.0,custom_iteration::small_n_linear_b1::2
0.0,21864,1,21864.0,21864.0,21864,21864,0.0,custom_iteration::small_n_linear_b1::3
0.0,21834,1,21834.0,21834.0,21834,21834,0.0,custom_iteration::small_n_linear_b1::4
0.0,21810,1,21810.0,21810.0,21810,21810,0.0,reference_iteration::small_n_linear_b1::0
0.0,21608,1,21608.0,21608.0,21608,21608,0.0,custom_iteration::small_n_linear_b1::5
0.0,21573,1,21573.0,21573.0,21573,21573,0.0,custom_iteration::small_n_linear_b1::7
0.0,21561,1,21561.0,21561.0,21561,21561,0.0,reference_iteration::small_n_linear_b1::1
0.0,21486,1,21486.0,21486.0,21486,21486,0.0,custom_iteration::small_n_linear_b1::8
0.0,21474,1,21474.0,21474.0,21474,21474,0.0,reference_iteration::small_n_linear_b1::2
0.0,21446,1,21446.0,21446.0,21446,21446,0.0,custom_iteration::small_n_linear_b1::6
0.0,21443,1,21443.0,21443.0,21443,21443,0.0,reference_iteration::small_n_linear_b1::6
0.0,21420,1,21420.0,21420.0,21420,21420,0.0,reference_iteration::small_n_linear_b1::3
0.0,21338,1,21338.0,21338.0,21338,21338,0.0,custom_iteration::small_n_linear_b1::10
0.0,21331,1,21331.0,21331.0,21331,21331,0.0,custom_iteration::small_n_linear_b1::9
0.0,21248,1,21248.0,21248.0,21248,21248,0.0,reference_iteration::small_n_linear_b1::7
0.0,21234,1,21234.0,21234.0,21234,21234,0.0,reference_iteration::small_n_linear_b1::9
0.0,21218,1,21218.0,21218.0,21218,21218,0.0,reference_iteration::small_n_linear_b1::5
0.0,21209,1,21209.0,21209.0,21209,21209,0.0,reference_iteration::small_n_linear_b1::10
0.0,21206,1,21206.0,21206.0,21206,21206,0.0,custom_iteration::small_n_linear_b1::11
0.0,21194,1,21194.0,21194.0,21194,21194,0.0,reference_iteration::small_n_linear_b1::4
0.0,21166,1,21166.0,21166.0,21166,21166,0.0,reference_iteration::small_n_linear_b1::8
0.0,21069,1,21069.0,21069.0,21069,21069,0.0,reference_iteration::small_n_linear_b1::11
