Time (%),Total Time (ns),Instances,Avg (ns),Med (ns),Min (ns),Max (ns),StdDev (ns),Style,Range
31.5,60415206,1,60415206.0,60415206.0,60415206,60415206,0.0,PushPop,:decode_profile_window
6.8,13103478,66,198537.5,10250.0,9610,12340195,1517559.0,PushPop,CCCL:cub::DeviceReduce::Sum
5.8,11210168,1,11210168.0,11210168.0,11210168,11210168,0.0,PushPop,:reference::rope_gqa_decode_b32
4.7,8949764,1,8949764.0,8949764.0,8949764,8949764,0.0,PushPop,:custom::sampling_decode_b32
4.6,8761612,1,8761612.0,8761612.0,8761612,8761612,0.0,PushPop,:reference::sampling_decode_b32
3.2,6166293,1,6166293.0,6166293.0,6166293,6166293,0.0,PushPop,:reference::kv_append_decode_b32
2.7,5173748,1,5173748.0,5173748.0,5173748,5173748,0.0,PushPop,:reference::rms_quant_decode_b32
1.9,3684725,1,3684725.0,3684725.0,3684725,3684725,0.0,PushPop,:reference::residual_rms_decode_b32
1.8,3449952,1,3449952.0,3449952.0,3449952,3449952,0.0,PushPop,:reference::residual_rms_decode_b1
1.3,2411186,1,2411186.0,2411186.0,2411186,2411186,0.0,PushPop,:reference::swiglu_decode_b32
1.2,2389536,1,2389536.0,2389536.0,2389536,2389536,0.0,PushPop,:reference::swiglu_decode_b1
1.1,2021513,88,22971.7,19725.0,17330,217493,22186.1,PushPop,CCCL:cub::DeviceScan::InclusiveSumByKey
0.7,1335722,66,20238.2,17985.5,17370,125321,13488.1,PushPop,CCCL:cub::DeviceSelect::Flagged
0.6,1123337,1,1123337.0,1123337.0,1123337,1123337,0.0,PushPop,:custom::residual_rms_decode_b32
0.5,973594,1,973594.0,973594.0,973594,973594,0.0,PushPop,:reference_iteration::rope_gqa_decode_b32::0
0.5,969155,1,969155.0,969155.0,969155,969155,0.0,PushPop,:custom::residual_rms_decode_b1
0.5,944794,1,944794.0,944794.0,944794,944794,0.0,PushPop,:reference_iteration::rope_gqa_decode_b32::8
0.5,924944,1,924944.0,924944.0,924944,924944,0.0,PushPop,:reference_iteration::rope_gqa_decode_b32::3
0.5,922194,1,922194.0,922194.0,922194,922194,0.0,PushPop,:reference_iteration::rope_gqa_decode_b32::4
0.5,920464,1,920464.0,920464.0,920464,920464,0.0,PushPop,:reference_iteration::rope_gqa_decode_b32::10
0.5,913154,1,913154.0,913154.0,913154,913154,0.0,PushPop,:reference_iteration::rope_gqa_decode_b32::2
0.5,912274,1,912274.0,912274.0,912274,912274,0.0,PushPop,:reference_iteration::rope_gqa_decode_b32::11
0.5,911984,1,911984.0,911984.0,911984,911984,0.0,PushPop,:reference_iteration::rope_gqa_decode_b32::1
0.5,911843,1,911843.0,911843.0,911843,911843,0.0,PushPop,:reference_iteration::rope_gqa_decode_b32::7
0.5,909044,1,909044.0,909044.0,909044,909044,0.0,PushPop,:reference_iteration::rope_gqa_decode_b32::6
0.5,908704,1,908704.0,908704.0,908704,908704,0.0,PushPop,:custom_iteration::sampling_decode_b32::0
0.5,908314,1,908314.0,908314.0,908314,908314,0.0,PushPop,:reference_iteration::rope_gqa_decode_b32::9
0.5,888484,1,888484.0,888484.0,888484,888484,0.0,PushPop,:reference_iteration::rope_gqa_decode_b32::5
0.4,856463,1,856463.0,856463.0,856463,856463,0.0,PushPop,:custom_iteration::sampling_decode_b32::11
0.4,853253,1,853253.0,853253.0,853253,853253,0.0,PushPop,:reference_iteration::sampling_decode_b32::7
0.4,842232,1,842232.0,842232.0,842232,842232,0.0,PushPop,:custom::rope_gqa_decode_b32
0.4,832583,1,832583.0,832583.0,832583,832583,0.0,PushPop,:custom::rms_quant_decode_b32
0.4,764492,1,764492.0,764492.0,764492,764492,0.0,PushPop,:reference::small_n_linear_b1
0.4,757771,1,757771.0,757771.0,757771,757771,0.0,PushPop,:custom::swiglu_decode_b1
0.4,753701,1,753701.0,753701.0,753701,753701,0.0,PushPop,:reference_iteration::sampling_decode_b32::0
0.4,751471,1,751471.0,751471.0,751471,751471,0.0,PushPop,:custom::kv_append_decode_b32
0.4,737552,1,737552.0,737552.0,737552,737552,0.0,PushPop,:custom::swiglu_decode_b32
0.4,724461,1,724461.0,724461.0,724461,724461,0.0,PushPop,:custom_iteration::sampling_decode_b32::5
0.4,715271,1,715271.0,715271.0,715271,715271,0.0,PushPop,:reference_iteration::sampling_decode_b32::8
0.4,711141,1,711141.0,711141.0,711141,711141,0.0,PushPop,:custom_iteration::sampling_decode_b32::9
0.4,710041,1,710041.0,710041.0,710041,710041,0.0,PushPop,:custom_iteration::sampling_decode_b32::1
0.4,709321,1,709321.0,709321.0,709321,709321,0.0,PushPop,:custom_iteration::sampling_decode_b32::4
0.4,709001,1,709001.0,709001.0,709001,709001,0.0,PushPop,:reference_iteration::sampling_decode_b32::1
0.4,708171,1,708171.0,708171.0,708171,708171,0.0,PushPop,:custom_iteration::sampling_decode_b32::6
0.4,706750,1,706750.0,706750.0,706750,706750,0.0,PushPop,:custom_iteration::sampling_decode_b32::2
0.4,704640,1,704640.0,704640.0,704640,704640,0.0,PushPop,:reference_iteration::sampling_decode_b32::5
0.4,699331,1,699331.0,699331.0,699331,699331,0.0,PushPop,:custom_iteration::sampling_decode_b32::8
0.4,696651,1,696651.0,696651.0,696651,696651,0.0,PushPop,:reference_iteration::sampling_decode_b32::11
0.4,695261,1,695261.0,695261.0,695261,695261,0.0,PushPop,:reference_iteration::sampling_decode_b32::4
0.4,693701,1,693701.0,693701.0,693701,693701,0.0,PushPop,:reference_iteration::sampling_decode_b32::9
0.4,693630,1,693630.0,693630.0,693630,693630,0.0,PushPop,:reference_iteration::sampling_decode_b32::6
0.4,688680,1,688680.0,688680.0,688680,688680,0.0,PushPop,:custom::small_n_linear_b1
0.4,685070,1,685070.0,685070.0,685070,685070,0.0,PushPop,:reference_iteration::sampling_decode_b32::3
0.4,684220,1,684220.0,684220.0,684220,684220,0.0,PushPop,:reference_iteration::sampling_decode_b32::2
0.4,681320,1,681320.0,681320.0,681320,681320,0.0,PushPop,:custom_iteration::sampling_decode_b32::7
0.4,680340,1,680340.0,680340.0,680340,680340,0.0,PushPop,:custom_iteration::sampling_decode_b32::3
0.4,676630,1,676630.0,676630.0,676630,676630,0.0,PushPop,:custom_iteration::sampling_decode_b32::10
0.4,673160,1,673160.0,673160.0,673160,673160,0.0,PushPop,:reference_iteration::sampling_decode_b32::10
0.3,513588,1,513588.0,513588.0,513588,513588,0.0,PushPop,:reference_iteration::kv_append_decode_b32::0
0.2,469977,1,469977.0,469977.0,469977,469977,0.0,PushPop,:reference_iteration::rms_quant_decode_b32::0
0.2,457217,1,457217.0,457217.0,457217,457217,0.0,PushPop,:reference_iteration::kv_append_decode_b32::10
0.2,437646,1,437646.0,437646.0,437646,437646,0.0,PushPop,:reference_iteration::kv_append_decode_b32::1
0.2,434496,1,434496.0,434496.0,434496,434496,0.0,PushPop,:reference_iteration::kv_append_decode_b32::8
0.2,432877,1,432877.0,432877.0,432877,432877,0.0,PushPop,:reference_iteration::rms_quant_decode_b32::3
0.2,426127,1,426127.0,426127.0,426127,426127,0.0,PushPop,:reference_iteration::kv_append_decode_b32::3
0.2,425707,1,425707.0,425707.0,425707,425707,0.0,PushPop,:reference_iteration::rms_quant_decode_b32::1
0.2,423616,1,423616.0,423616.0,423616,423616,0.0,PushPop,:reference_iteration::kv_append_decode_b32::5
0.2,421827,1,421827.0,421827.0,421827,421827,0.0,PushPop,:reference_iteration::rms_quant_decode_b32::8
0.2,421096,1,421096.0,421096.0,421096,421096,0.0,PushPop,:reference_iteration::rms_quant_decode_b32::10
0.2,420056,1,420056.0,420056.0,420056,420056,0.0,PushPop,:reference_iteration::rms_quant_decode_b32::2
0.2,418017,1,418017.0,418017.0,418017,418017,0.0,PushPop,:reference_iteration::rms_quant_decode_b32::6
0.2,416336,1,416336.0,416336.0,416336,416336,0.0,PushPop,:reference_iteration::rms_quant_decode_b32::7
0.2,411826,1,411826.0,411826.0,411826,411826,0.0,PushPop,:reference_iteration::kv_append_decode_b32::9
0.2,410966,1,410966.0,410966.0,410966,410966,0.0,PushPop,:reference_iteration::kv_append_decode_b32::11
0.2,409447,1,409447.0,409447.0,409447,409447,0.0,PushPop,:reference_iteration::kv_append_decode_b32::7
0.2,404406,1,404406.0,404406.0,404406,404406,0.0,PushPop,:reference_iteration::kv_append_decode_b32::4
0.2,403676,1,403676.0,403676.0,403676,403676,0.0,PushPop,:reference_iteration::kv_append_decode_b32::6
0.2,401216,1,401216.0,401216.0,401216,401216,0.0,PushPop,:reference_iteration::kv_append_decode_b32::2
0.2,396616,1,396616.0,396616.0,396616,396616,0.0,PushPop,:reference_iteration::rms_quant_decode_b32::11
0.2,396226,1,396226.0,396226.0,396226,396226,0.0,PushPop,:reference_iteration::rms_quant_decode_b32::4
0.2,395346,1,395346.0,395346.0,395346,395346,0.0,PushPop,:reference_iteration::rms_quant_decode_b32::5
0.2,395186,1,395186.0,395186.0,395186,395186,0.0,PushPop,:reference_iteration::rms_quant_decode_b32::9
0.2,372206,1,372206.0,372206.0,372206,372206,0.0,PushPop,:reference_iteration::residual_rms_decode_b1::0
0.2,310725,1,310725.0,310725.0,310725,310725,0.0,PushPop,:reference_iteration::residual_rms_decode_b32::0
0.2,291755,1,291755.0,291755.0,291755,291755,0.0,PushPop,:reference_iteration::residual_rms_decode_b1::9
0.2,289394,1,289394.0,289394.0,289394,289394,0.0,PushPop,:reference_iteration::residual_rms_decode_b32::10
0.1,282984,1,282984.0,282984.0,282984,282984,0.0,PushPop,:reference_iteration::residual_rms_decode_b1::6
0.1,277874,1,277874.0,277874.0,277874,277874,0.0,PushPop,:reference_iteration::residual_rms_decode_b1::2
0.1,276214,1,276214.0,276214.0,276214,276214,0.0,PushPop,:reference_iteration::residual_rms_decode_b32::4
0.1,274054,1,274054.0,274054.0,274054,274054,0.0,PushPop,:reference_iteration::residual_rms_decode_b32::7
0.1,267184,1,267184.0,267184.0,267184,267184,0.0,PushPop,:reference_iteration::residual_rms_decode_b32::2
0.1,267094,1,267094.0,267094.0,267094,267094,0.0,PushPop,:reference_iteration::residual_rms_decode_b32::6
0.1,260683,1,260683.0,260683.0,260683,260683,0.0,PushPop,:reference_iteration::residual_rms_decode_b32::3
0.1,259464,1,259464.0,259464.0,259464,259464,0.0,PushPop,:reference_iteration::residual_rms_decode_b1::1
0.1,259424,1,259424.0,259424.0,259424,259424,0.0,PushPop,:reference_iteration::residual_rms_decode_b32::1
0.1,255524,1,255524.0,255524.0,255524,255524,0.0,PushPop,:reference_iteration::residual_rms_decode_b32::5
0.1,255034,1,255034.0,255034.0,255034,255034,0.0,PushPop,:reference_iteration::residual_rms_decode_b1::3
0.1,253374,1,253374.0,253374.0,253374,253374,0.0,PushPop,:reference_iteration::residual_rms_decode_b32::8
0.1,252504,1,252504.0,252504.0,252504,252504,0.0,PushPop,:reference_iteration::residual_rms_decode_b1::5
0.1,251584,1,251584.0,251584.0,251584,251584,0.0,PushPop,:reference_iteration::residual_rms_decode_b32::9
0.1,251424,1,251424.0,251424.0,251424,251424,0.0,PushPop,:reference_iteration::residual_rms_decode_b1::11
0.1,251304,1,251304.0,251304.0,251304,251304,0.0,PushPop,:reference_iteration::residual_rms_decode_b1::10
0.1,251304,1,251304.0,251304.0,251304,251304,0.0,PushPop,:reference_iteration::residual_rms_decode_b32::11
0.1,250694,1,250694.0,250694.0,250694,250694,0.0,PushPop,:reference_iteration::residual_rms_decode_b1::8
0.1,249763,1,249763.0,249763.0,249763,249763,0.0,PushPop,:reference_iteration::residual_rms_decode_b1::4
0.1,247814,1,247814.0,247814.0,247814,247814,0.0,PushPop,:reference_iteration::residual_rms_decode_b1::7
0.1,225393,1,225393.0,225393.0,225393,225393,0.0,PushPop,:reference_iteration::swiglu_decode_b32::7
0.1,222393,1,222393.0,222393.0,222393,222393,0.0,PushPop,:reference_iteration::swiglu_decode_b1::0
0.1,214013,1,214013.0,214013.0,214013,214013,0.0,PushPop,:reference_iteration::swiglu_decode_b1::3
0.1,208603,1,208603.0,208603.0,208603,208603,0.0,PushPop,:reference_iteration::swiglu_decode_b32::2
0.1,201193,1,201193.0,201193.0,201193,201193,0.0,PushPop,:reference_iteration::swiglu_decode_b1::8
0.1,198903,1,198903.0,198903.0,198903,198903,0.0,PushPop,:reference_iteration::swiglu_decode_b32::0
0.1,184293,1,184293.0,184293.0,184293,184293,0.0,PushPop,:reference_iteration::swiglu_decode_b32::6
0.1,183933,1,183933.0,183933.0,183933,183933,0.0,PushPop,:reference_iteration::swiglu_decode_b32::3
0.1,183633,1,183633.0,183633.0,183633,183633,0.0,PushPop,:reference_iteration::swiglu_decode_b32::1
0.1,182183,1,182183.0,182183.0,182183,182183,0.0,PushPop,:reference_iteration::swiglu_decode_b1::7
0.1,181293,1,181293.0,181293.0,181293,181293,0.0,PushPop,:reference_iteration::swiglu_decode_b32::9
0.1,180793,1,180793.0,180793.0,180793,180793,0.0,PushPop,:reference_iteration::swiglu_decode_b32::8
0.1,180253,1,180253.0,180253.0,180253,180253,0.0,PushPop,:reference_iteration::swiglu_decode_b1::1
0.1,179763,1,179763.0,179763.0,179763,179763,0.0,PushPop,:reference_iteration::swiglu_decode_b32::4
0.1,179193,1,179193.0,179193.0,179193,179193,0.0,PushPop,:reference_iteration::swiglu_decode_b32::10
0.1,178952,1,178952.0,178952.0,178952,178952,0.0,PushPop,:reference_iteration::swiglu_decode_b1::10
0.1,178913,1,178913.0,178913.0,178913,178913,0.0,PushPop,:reference_iteration::swiglu_decode_b1::2
0.1,178863,1,178863.0,178863.0,178863,178863,0.0,PushPop,:reference_iteration::swiglu_decode_b32::5
0.1,178653,1,178653.0,178653.0,178653,178653,0.0,PushPop,:reference_iteration::swiglu_decode_b1::9
0.1,178433,1,178433.0,178433.0,178433,178433,0.0,PushPop,:reference_iteration::swiglu_decode_b1::5
0.1,178333,1,178333.0,178333.0,178333,178333,0.0,PushPop,:reference_iteration::swiglu_decode_b1::4
0.1,178232,1,178232.0,178232.0,178232,178232,0.0,PushPop,:reference_iteration::swiglu_decode_b1::11
0.1,177803,1,177803.0,177803.0,177803,177803,0.0,PushPop,:reference_iteration::swiglu_decode_b1::6
0.1,176963,1,176963.0,176963.0,176963,176963,0.0,PushPop,:reference_iteration::swiglu_decode_b32::11
0.1,156373,1,156373.0,156373.0,156373,156373,0.0,PushPop,:custom_iteration::residual_rms_decode_b1::0
0.1,113062,1,113062.0,113062.0,113062,113062,0.0,PushPop,:custom_iteration::small_n_linear_b1::0
0.1,99932,1,99932.0,99932.0,99932,99932,0.0,PushPop,:custom_iteration::residual_rms_decode_b32::11
0.0,92991,1,92991.0,92991.0,92991,92991,0.0,PushPop,:custom_iteration::kv_append_decode_b32::0
0.0,89211,1,89211.0,89211.0,89211,89211,0.0,PushPop,:custom_iteration::swiglu_decode_b1::0
0.0,87641,1,87641.0,87641.0,87641,87641,0.0,PushPop,:custom_iteration::rms_quant_decode_b32::0
0.0,82871,1,82871.0,82871.0,82871,82871,0.0,PushPop,:custom_iteration::rope_gqa_decode_b32::0
0.0,81051,1,81051.0,81051.0,81051,81051,0.0,PushPop,:custom_iteration::residual_rms_decode_b32::0
0.0,80311,1,80311.0,80311.0,80311,80311,0.0,PushPop,:custom_iteration::rope_gqa_decode_b32::7
0.0,80161,1,80161.0,80161.0,80161,80161,0.0,PushPop,:custom_iteration::residual_rms_decode_b1::10
0.0,77031,1,77031.0,77031.0,77031,77031,0.0,PushPop,:custom_iteration::rms_quant_decode_b32::7
0.0,74971,1,74971.0,74971.0,74971,74971,0.0,PushPop,:custom_iteration::swiglu_decode_b1::7
0.0,70861,1,70861.0,70861.0,70861,70861,0.0,PushPop,:custom_iteration::swiglu_decode_b32::5
0.0,67001,1,67001.0,67001.0,67001,67001,0.0,PushPop,:custom_iteration::kv_append_decode_b32::6
0.0,64641,1,64641.0,64641.0,64641,64641,0.0,PushPop,:custom_iteration::swiglu_decode_b32::0
0.0,63161,1,63161.0,63161.0,63161,63161,0.0,PushPop,:custom_iteration::residual_rms_decode_b1::1
0.0,62060,1,62060.0,62060.0,62060,62060,0.0,PushPop,:custom_iteration::kv_append_decode_b32::2
0.0,61901,1,61901.0,61901.0,61901,61901,0.0,PushPop,:custom_iteration::rope_gqa_decode_b32::6
0.0,60511,1,60511.0,60511.0,60511,60511,0.0,PushPop,:custom_iteration::residual_rms_decode_b32::5
0.0,60341,1,60341.0,60341.0,60341,60341,0.0,PushPop,:custom_iteration::residual_rms_decode_b32::4
0.0,59321,1,59321.0,59321.0,59321,59321,0.0,PushPop,:reference_iteration::small_n_linear_b1::11
0.0,58921,1,58921.0,58921.0,58921,58921,0.0,PushPop,:custom_iteration::rms_quant_decode_b32::8
0.0,58381,1,58381.0,58381.0,58381,58381,0.0,PushPop,:custom_iteration::residual_rms_decode_b1::5
0.0,57970,1,57970.0,57970.0,57970,57970,0.0,PushPop,:custom_iteration::rope_gqa_decode_b32::8
0.0,57831,1,57831.0,57831.0,57831,57831,0.0,PushPop,:custom_iteration::residual_rms_decode_b1::2
0.0,57631,1,57631.0,57631.0,57631,57631,0.0,PushPop,:custom_iteration::residual_rms_decode_b1::3
0.0,57591,1,57591.0,57591.0,57591,57591,0.0,PushPop,:custom_iteration::rms_quant_decode_b32::1
0.0,57391,1,57391.0,57391.0,57391,57391,0.0,PushPop,:custom_iteration::rope_gqa_decode_b32::1
0.0,57190,1,57190.0,57190.0,57190,57190,0.0,PushPop,:custom_iteration::residual_rms_decode_b1::7
0.0,57140,1,57140.0,57140.0,57140,57140,0.0,PushPop,:custom_iteration::residual_rms_decode_b32::2
0.0,57031,1,57031.0,57031.0,57031,57031,0.0,PushPop,:custom_iteration::rope_gqa_decode_b32::2
0.0,56790,1,56790.0,56790.0,56790,56790,0.0,PushPop,:custom_iteration::residual_rms_decode_b32::1
0.0,56031,1,56031.0,56031.0,56031,56031,0.0,PushPop,:custom_iteration::rms_quant_decode_b32::3
0.0,55881,1,55881.0,55881.0,55881,55881,0.0,PushPop,:custom_iteration::residual_rms_decode_b32::9
0.0,55170,1,55170.0,55170.0,55170,55170,0.0,PushPop,:custom_iteration::rope_gqa_decode_b32::9
0.0,55111,1,55111.0,55111.0,55111,55111,0.0,PushPop,:custom_iteration::residual_rms_decode_b32::6
0.0,54851,1,54851.0,54851.0,54851,54851,0.0,PushPop,:custom_iteration::rope_gqa_decode_b32::5
0.0,54621,1,54621.0,54621.0,54621,54621,0.0,PushPop,:custom_iteration::residual_rms_decode_b1::4
0.0,54591,1,54591.0,54591.0,54591,54591,0.0,PushPop,:custom_iteration::rope_gqa_decode_b32::3
0.0,54561,1,54561.0,54561.0,54561,54561,0.0,PushPop,:custom_iteration::residual_rms_decode_b32::7
0.0,54471,1,54471.0,54471.0,54471,54471,0.0,PushPop,:custom_iteration::residual_rms_decode_b1::6
0.0,54451,1,54451.0,54451.0,54451,54451,0.0,PushPop,:custom_iteration::rms_quant_decode_b32::2
0.0,54280,1,54280.0,54280.0,54280,54280,0.0,PushPop,:custom_iteration::rope_gqa_decode_b32::11
0.0,54230,1,54230.0,54230.0,54230,54230,0.0,PushPop,:custom_iteration::rope_gqa_decode_b32::10
0.0,53931,1,53931.0,53931.0,53931,53931,0.0,PushPop,:custom_iteration::rms_quant_decode_b32::4
0.0,53760,1,53760.0,53760.0,53760,53760,0.0,PushPop,:custom_iteration::residual_rms_decode_b1::8
0.0,53721,1,53721.0,53721.0,53721,53721,0.0,PushPop,:custom_iteration::residual_rms_decode_b1::11
0.0,53621,1,53621.0,53621.0,53621,53621,0.0,PushPop,:custom_iteration::rms_quant_decode_b32::9
0.0,53491,1,53491.0,53491.0,53491,53491,0.0,PushPop,:custom_iteration::rope_gqa_decode_b32::4
0.0,53460,1,53460.0,53460.0,53460,53460,0.0,PushPop,:custom_iteration::residual_rms_decode_b32::3
0.0,53261,1,53261.0,53261.0,53261,53261,0.0,PushPop,:custom_iteration::kv_append_decode_b32::5
0.0,53191,1,53191.0,53191.0,53191,53191,0.0,PushPop,:custom_iteration::swiglu_decode_b1::8
0.0,52951,1,52951.0,52951.0,52951,52951,0.0,PushPop,:custom_iteration::residual_rms_decode_b32::8
0.0,52851,1,52851.0,52851.0,52851,52851,0.0,PushPop,:custom_iteration::residual_rms_decode_b32::10
0.0,52780,1,52780.0,52780.0,52780,52780,0.0,PushPop,:custom_iteration::residual_rms_decode_b1::9
0.0,52751,1,52751.0,52751.0,52751,52751,0.0,PushPop,:custom_iteration::rms_quant_decode_b32::5
0.0,52641,1,52641.0,52641.0,52641,52641,0.0,PushPop,:custom_iteration::rms_quant_decode_b32::10
0.0,52321,1,52321.0,52321.0,52321,52321,0.0,PushPop,:custom_iteration::rms_quant_decode_b32::11
0.0,52261,1,52261.0,52261.0,52261,52261,0.0,PushPop,:custom_iteration::rms_quant_decode_b32::6
0.0,51120,1,51120.0,51120.0,51120,51120,0.0,PushPop,:custom_iteration::swiglu_decode_b1::1
0.0,50741,1,50741.0,50741.0,50741,50741,0.0,PushPop,:reference_iteration::small_n_linear_b1::10
0.0,50031,1,50031.0,50031.0,50031,50031,0.0,PushPop,:custom_iteration::swiglu_decode_b32::9
0.0,49090,1,49090.0,49090.0,49090,49090,0.0,PushPop,:custom_iteration::swiglu_decode_b32::1
0.0,48881,1,48881.0,48881.0,48881,48881,0.0,PushPop,:custom_iteration::swiglu_decode_b32::6
0.0,48520,1,48520.0,48520.0,48520,48520,0.0,PushPop,:custom_iteration::kv_append_decode_b32::1
0.0,47440,1,47440.0,47440.0,47440,47440,0.0,PushPop,:custom_iteration::swiglu_decode_b32::2
0.0,47331,1,47331.0,47331.0,47331,47331,0.0,PushPop,:custom_iteration::swiglu_decode_b1::9
0.0,47191,1,47191.0,47191.0,47191,47191,0.0,PushPop,:custom_iteration::swiglu_decode_b1::4
0.0,47121,1,47121.0,47121.0,47121,47121,0.0,PushPop,:custom_iteration::swiglu_decode_b1::6
0.0,46990,1,46990.0,46990.0,46990,46990,0.0,PushPop,:custom_iteration::swiglu_decode_b1::2
0.0,46911,1,46911.0,46911.0,46911,46911,0.0,PushPop,:custom_iteration::swiglu_decode_b32::3
0.0,46841,1,46841.0,46841.0,46841,46841,0.0,PushPop,:custom_iteration::kv_append_decode_b32::4
0.0,46791,1,46791.0,46791.0,46791,46791,0.0,PushPop,:custom_iteration::swiglu_decode_b1::3
0.0,46500,1,46500.0,46500.0,46500,46500,0.0,PushPop,:custom_iteration::swiglu_decode_b1::10
0.0,46261,1,46261.0,46261.0,46261,46261,0.0,PushPop,:custom_iteration::swiglu_decode_b32::10
0.0,46150,1,46150.0,46150.0,46150,46150,0.0,PushPop,:custom_iteration::swiglu_decode_b1::11
0.0,46141,1,46141.0,46141.0,46141,46141,0.0,PushPop,:custom_iteration::swiglu_decode_b1::5
0.0,46011,1,46011.0,46011.0,46011,46011,0.0,PushPop,:custom_iteration::swiglu_decode_b32::8
0.0,45871,1,45871.0,45871.0,45871,45871,0.0,PushPop,:custom_iteration::swiglu_decode_b32::7
0.0,45560,1,45560.0,45560.0,45560,45560,0.0,PushPop,:custom_iteration::kv_append_decode_b32::3
0.0,45441,1,45441.0,45441.0,45441,45441,0.0,PushPop,:custom_iteration::swiglu_decode_b32::4
0.0,45261,1,45261.0,45261.0,45261,45261,0.0,PushPop,:custom_iteration::swiglu_decode_b32::11
0.0,44431,1,44431.0,44431.0,44431,44431,0.0,PushPop,:custom_iteration::kv_append_decode_b32::7
0.0,43401,1,43401.0,43401.0,43401,43401,0.0,PushPop,:custom_iteration::kv_append_decode_b32::9
0.0,43360,1,43360.0,43360.0,43360,43360,0.0,PushPop,:custom_iteration::kv_append_decode_b32::10
0.0,43000,1,43000.0,43000.0,43000,43000,0.0,PushPop,:custom_iteration::kv_append_decode_b32::11
0.0,42721,1,42721.0,42721.0,42721,42721,0.0,PushPop,:custom_iteration::kv_append_decode_b32::8
0.0,42530,1,42530.0,42530.0,42530,42530,0.0,PushPop,:custom_iteration::small_n_linear_b1::7
0.0,41341,1,41341.0,41341.0,41341,41341,0.0,PushPop,:reference_iteration::small_n_linear_b1::0
0.0,39321,1,39321.0,39321.0,39321,39321,0.0,PushPop,:custom_iteration::small_n_linear_b1::1
0.0,38781,1,38781.0,38781.0,38781,38781,0.0,PushPop,:custom_iteration::small_n_linear_b1::10
0.0,36780,1,36780.0,36780.0,36780,36780,0.0,PushPop,:custom_iteration::small_n_linear_b1::6
0.0,36710,1,36710.0,36710.0,36710,36710,0.0,PushPop,:custom_iteration::small_n_linear_b1::2
0.0,36521,1,36521.0,36521.0,36521,36521,0.0,PushPop,:reference_iteration::small_n_linear_b1::1
0.0,36171,1,36171.0,36171.0,36171,36171,0.0,PushPop,:custom_iteration::small_n_linear_b1::9
0.0,36151,1,36151.0,36151.0,36151,36151,0.0,PushPop,:custom_iteration::small_n_linear_b1::8
0.0,35991,1,35991.0,35991.0,35991,35991,0.0,PushPop,:reference_iteration::small_n_linear_b1::4
0.0,35990,1,35990.0,35990.0,35990,35990,0.0,PushPop,:custom_iteration::small_n_linear_b1::3
0.0,35980,1,35980.0,35980.0,35980,35980,0.0,PushPop,:custom_iteration::small_n_linear_b1::5
0.0,35901,1,35901.0,35901.0,35901,35901,0.0,PushPop,:custom_iteration::small_n_linear_b1::4
0.0,35890,1,35890.0,35890.0,35890,35890,0.0,PushPop,:custom_iteration::small_n_linear_b1::11
0.0,35330,1,35330.0,35330.0,35330,35330,0.0,PushPop,:reference_iteration::small_n_linear_b1::2
0.0,35271,1,35271.0,35271.0,35271,35271,0.0,PushPop,:reference_iteration::small_n_linear_b1::6
0.0,35191,1,35191.0,35191.0,35191,35191,0.0,PushPop,:reference_iteration::small_n_linear_b1::7
0.0,35051,1,35051.0,35051.0,35051,35051,0.0,PushPop,:reference_iteration::small_n_linear_b1::9
0.0,34990,1,34990.0,34990.0,34990,34990,0.0,PushPop,:reference_iteration::small_n_linear_b1::8
0.0,34910,1,34910.0,34910.0,34910,34910,0.0,PushPop,:reference_iteration::small_n_linear_b1::5
0.0,34841,1,34841.0,34841.0,34841,34841,0.0,PushPop,:reference_iteration::small_n_linear_b1::3
