PID,TID,DevId,Count,QCount,TAvg (ns),TMed (ns),TMin (ns),TMax (ns),TStdDev (ns),AAvg (ns),AMed (ns),AMin (ns),AMax (ns),AStdDev (ns),QAvg (ns),QMed (ns),QMin (ns),QMax (ns),QStdDev (ns),KAvg (ns),KMed (ns),KMin (ns),KMax (ns),KStdDev (ns),API Name,Kernel Name
27910,27910,0,12,12,84635104.0,85369032.5,11942960,154560554,47325840.7,6657.8,5286.5,5037,19603,4124.0,84073273.7,84945737.0,10888075,153897180,47298558.2,555172.5,418029.5,380303,1035282,229374.5,cudaLaunchKernel,"void <unnamed>::paged_attention_split_kernel<c10::Half, signed char, (bool)1>(const T1 *, const T2 *, const T2 *, const float *, const float *, const long *, const long *, float *, float *, float *, int, int, int, int, int, int, int, int, float)"
27910,27910,0,12,12,83716169.8,84358307.5,11459783,153612532,47220578.0,68842.8,5858.5,5475,757210,216783.0,72802349.3,73293233.0,810,143845932,47703694.6,10844977.7,11057922.5,9759949,11512670,656638.9,cudaLaunchKernel,"fmha_cutlassF_f16_aligned_64x64_rf_sm50(PyTorchMemEffAttention::AttentionKernel<cutlass::half_t, cutlass::arch::Sm50, (bool)1, (int)64, (int)64, (int)64, (bool)1, (bool)1>::Params)"
27910,27910,0,28,28,72607876.3,71844535.0,442086,154564921,51838134.4,3424.1,2411.5,2265,16328,3501.0,72595998.8,71833941.0,418303,154553472,51839275.5,8453.4,9280.0,5119,10783,1956.5,cudaLaunchKernel,"void <unnamed>::paged_attention_reduce_kernel<c10::Half>(const float *, const float *, const float *, T1 *, int, int, int)"
27910,27910,0,15,15,68312684.1,65669217.0,459178,154984614,54556401.6,92270.5,3808.0,3601,1329061,342148.1,68216827.6,65661656.0,3353,154977590,54673682.3,3585.9,3743.0,2848,4288,340.9,cudaLaunchKernel,"void at::native::<unnamed>::CatArrayBatchedCopy_aligned16_contig<at::native::<unnamed>::OpaqueType<(unsigned int)8>, unsigned int, (int)2, (int)128, (int)1>(T1 *, at::native::<unnamed>::CatArrInputTensorMetadata<T1, T2, T4, T5>, at::native::<unnamed>::TensorSizeStride<T2, (unsigned int)4>, int, T2)"
27910,27910,0,15,15,68219175.4,65663886.0,22719,154978533,54672645.0,4057.7,3261.0,3119,11883,2348.5,68208752.2,65654110.0,4181,154969494,54673887.0,6365.5,6496.0,5792,6912,348.9,cudaLaunchKernel,"void at::native::<unnamed>::CatArrayBatchedCopy_contig<at::native::<unnamed>::OpaqueType<(unsigned int)2>, unsigned int, (int)2, (int)128, (int)1>(T1 *, at::native::<unnamed>::CatArrInputTensorMetadata<T1, T2, T4, T5>, at::native::<unnamed>::TensorSizeStride<T2, (unsigned int)4>, int, T2)"
27910,27910,0,105,105,68061528.2,65477799.0,102529,154999400,53008323.7,15502.7,3990.0,3571,1162063,112973.8,67936916.4,65379980.0,4081,154911317,53023152.5,109109.0,93852.0,83901,662882,72427.2,cudaLaunchKernel,"void <unnamed>::markov_greedy_kernel<c10::Half>(const T1 *, const long *, const T1 *, const T1 *, T1 *, long *, int, int)"
27910,27910,0,16,16,63580209.6,57978767.0,909198,153950933,54650904.8,35686.7,5642.0,5341,477667,117868.6,63063240.3,57544961.0,2270,153559221,54699803.9,481282.7,427581.0,385519,1033298,178600.6,cudaLaunchKernel,"void <unnamed>::paged_attention_split_kernel<c10::Half, c10::Half, (bool)0>(const T1 *, const T2 *, const T2 *, const float *, const float *, const long *, const long *, float *, float *, float *, int, int, int, int, int, int, int, int, float)"
27910,27910,0,2,2,3159924.5,3159924.5,159325,6160524,4243488.5,3042087.5,3042087.5,12238,6071937,4284854.3,62080.0,62080.0,33134,91026,40935.8,55757.0,55757.0,55453,56061,429.9,cudaLaunchKernel,"void at::native::reduce_kernel<(int)512, (int)1, at::native::ReduceOp<float, at::native::func_wrapper_t<float, at::native::MaxNanFunctor<float>>, unsigned int, float, (int)4, (int)4>>(T3)"
27910,27910,0,1,1,3114806.0,3114806.0,3114806,3114806,0.0,3080250.0,3080250.0,3080250,3080250,0.0,28412.0,28412.0,28412,28412,0.0,6144.0,6144.0,6144,6144,0.0,cudaLaunchKernel,"void at::native::<unnamed>::distribution_elementwise_grid_stride_kernel<unsigned int, (int)4, void at::native::templates::cuda::random_from_to_kernel<at::CUDAGeneratorImpl *>(at::TensorIteratorBase &, unsigned long, long, T1)::[lambda() (instance 1)]::operator ()() const::[lambda() (instance 4)]::operator ()() const::[lambda(curandStatePhilox4_32_10 *) (instance 2)], void at::native::<unnamed>::distribution_nullary_kernel<long, unsigned int, uint4, at::CUDAGeneratorImpl *, void at::native::templates::cuda::random_from_to_kernel<at::CUDAGeneratorImpl *>(at::TensorIteratorBase &, unsigned long, long, T1)::[lambda() (instance 1)]::operator ()() const::[lambda() (instance 4)]::operator ()() const::[lambda(curandStatePhilox4_32_10 *) (instance 2)], void at::native::templates::cuda::random_from_to_kernel<at::CUDAGeneratorImpl *>(at::TensorIteratorBase &, unsigned long, long, T1)::[lambda() (instance 1)]::operator ()() const::[lambda() (instance 4)]::operator ()() const::[lambda(unsigned int) (instance 1)]>(at::TensorIteratorBase &, T4, const T5 &, T6)::[lambda(int, unsigned int) (instance 1)]>(long, at::PhiloxCudaState, T3, T4)"
27910,27910,0,2,2,2230738.0,2230738.0,81471,4380005,3039522.5,2179102.0,2179102.0,2784,4355420,3077778.4,29636.5,29636.5,2793,56480,37962.4,21999.5,21999.5,21792,22207,293.4,cudaLaunchKernel,"void at::native::vectorized_elementwise_kernel<(int)4, at::native::round_kernel_cuda(at::TensorIteratorBase &)::[lambda() (instance 1)]::operator ()() const::[lambda() (instance 2)]::operator ()() const::[lambda(float) (instance 1)], std::array<char *, (unsigned long)2>>(int, T2, T3)"
27910,27910,0,4,4,2082845.0,88963.0,32113,8121341,4025755.4,2030513.5,6029.5,2761,8107234,4051147.3,39828.0,40033.5,3876,75369,37534.4,12503.5,12527.5,2560,22399,11243.6,cudaLaunchKernel,"void at::native::vectorized_elementwise_kernel<(int)4, at::native::<unnamed>::launch_clamp_scalar(at::TensorIteratorBase &, c10::Scalar, c10::Scalar, at::native::detail::ClampLimits)::[lambda() (instance 1)]::operator ()() const::[lambda() (instance 7)]::operator ()() const::[lambda(float) (instance 1)], std::array<char *, (unsigned long)2>>(int, T2, T3)"
27910,27910,0,2,2,2050478.0,2050478.0,108260,3992696,2746711.0,1997782.5,1997782.5,8105,3987460,2813828.9,49991.5,49991.5,2612,97371,67004.7,2704.0,2704.0,2624,2784,113.1,cudaLaunchKernel,"void at::native::vectorized_elementwise_kernel<(int)4, at::native::BUnaryFunctor<float, float, float, at::native::binary_internal::MulFunctor<float>>, std::array<char *, (unsigned long)2>>(int, T2, T3)"
27910,27910,0,4,3,1593908.0,117661.0,33405,6106905,3008963.0,1524698.0,6460.5,4484,6081387,3037793.1,17558.0,4506.0,3496,44672,23486.8,56069.8,55934.0,24415,87996,35860.3,cudaLaunchKernel,"void at::native::elementwise_kernel<(int)128, (int)4, void at::native::gpu_kernel_impl_nocast<at::native::direct_copy_kernel_cuda(at::TensorIteratorBase &)::[lambda() (instance 3)]::operator ()() const::[lambda() (instance 10)]::operator ()() const::[lambda(c10::Half) (instance 1)]>(at::TensorIteratorBase &, const T1 &)::[lambda(int) (instance 1)]>(int, T3)"
27910,27910,0,1,1,1087976.0,1087976.0,1087976,1087976,0.0,1082987.0,1082987.0,1082987,1082987,0.0,2333.0,2333.0,2333,2333,0.0,2656.0,2656.0,2656,2656,0.0,cudaLaunchKernel,"void at::native::vectorized_elementwise_kernel<(int)4, at::native::FillFunctor<c10::Half>, std::array<char *, (unsigned long)1>>(int, T2, T3)"
27910,27910,0,2,2,670791.5,670791.5,36818,1304765,896573.9,643444.5,643444.5,7059,1279830,899985.0,5236.0,5236.0,2728,7744,3546.8,22111.0,22111.0,22015,22207,135.8,cudaLaunchKernel,"void at::native::vectorized_elementwise_kernel<(int)4, at::native::AbsFunctor<float>, std::array<char *, (unsigned long)2>>(int, T2, T3)"
27910,27910,0,2,2,266138.5,266138.5,11225,521052,360502.1,245095.0,245095.0,4741,485449,339911.9,18659.5,18659.5,4084,33235,20612.9,2384.0,2384.0,2368,2400,22.6,cudaLaunchKernel,"void <unnamed>::elementwise_kernel_with_index<int, at::native::arange_cuda_out(const c10::Scalar &, const c10::Scalar &, const c10::Scalar &, at::Tensor &)::[lambda() (instance 1)]::operator ()() const::[lambda() (instance 4)]::operator ()() const::[lambda(long) (instance 1)]>(T1, T2, function_traits<T2>::result_type *)"
27910,27910,0,6,6,152576.8,81659.0,23732,569273,206840.1,99214.3,8041.0,3653,561088,226283.7,25785.2,13932.0,1625,65445,28783.2,27577.3,34622.0,6560,37534,13421.7,cudaLaunchKernel,"void at::native::<unnamed>::distribution_elementwise_grid_stride_kernel<float, (int)4, void at::native::templates::cuda::normal_and_transform<c10::Half, float, at::CUDAGeneratorImpl *, void at::native::templates::cuda::normal_kernel<at::CUDAGeneratorImpl *>(const at::TensorBase &, double, double, T1)::[lambda() (instance 1)]::operator ()() const::[lambda() (instance 3)]::operator ()() const::[lambda(float) (instance 1)]>(at::TensorIteratorBase &, T3, T4)::[lambda(curandStatePhilox4_32_10 *) (instance 2)], void at::native::<unnamed>::distribution_nullary_kernel<c10::Half, float, float4, at::CUDAGeneratorImpl *, void at::native::templates::cuda::normal_and_transform<c10::Half, float, at::CUDAGeneratorImpl *, void at::native::templates::cuda::normal_kernel<at::CUDAGeneratorImpl *>(const at::TensorBase &, double, double, T1)::[lambda() (instance 1)]::operator ()() const::[lambda() (instance 3)]::operator ()() const::[lambda(float) (instance 1)]>(at::TensorIteratorBase &, T3, T4)::[lambda(curandStatePhilox4_32_10 *) (instance 2)], void at::native::templates::cuda::normal_kernel<at::CUDAGeneratorImpl *>(const at::TensorBase &, double, double, T1)::[lambda() (instance 1)]::operator ()() const::[lambda() (instance 3)]::operator ()() const::[lambda(float) (instance 1)]>(at::TensorIteratorBase &, T4, const T5 &, T6)::[lambda(int, float) (instance 1)]>(long, at::PhiloxCudaState, T3, T4)"
27910,27910,0,2,2,146620.5,146620.5,71402,221839,106375.0,18633.5,18633.5,3476,33791,21435.9,95012.0,95012.0,34135,155889,86093.1,32975.0,32975.0,32159,33791,1154.0,cudaLaunchKernel,"void at::native::elementwise_kernel<(int)128, (int)2, void at::native::gpu_kernel_impl_nocast<at::native::BinaryFunctor<float, float, float, at::native::binary_internal::DivFunctor<float>>>(at::TensorIteratorBase &, const T1 &)::[lambda(int) (instance 1)]>(int, T3)"
27910,27910,0,2,2,96350.5,96350.5,79217,113484,24230.4,25492.5,25492.5,3000,47985,31809.2,42171.5,42171.5,3873,80470,54162.3,28686.5,28686.5,27359,30014,1877.4,cudaLaunchKernel,"void at::native::unrolled_elementwise_kernel<at::native::direct_copy_kernel_cuda(at::TensorIteratorBase &)::[lambda() (instance 3)]::operator ()() const::[lambda() (instance 2)]::operator ()() const::[lambda(signed char) (instance 1)], std::array<char *, (unsigned long)2>, (int)4, TrivialOffsetCalculator<(int)1, unsigned int>, TrivialOffsetCalculator<(int)1, unsigned int>, at::native::memory::LoadWithCast<(int)1>, at::native::memory::StoreWithCast<(int)1>>(int, T1, T2, T4, T5, T6, T7)"
27910,27910,0,2,2,89023.5,89023.5,48573,129474,57205.6,11486.0,11486.0,2623,20349,12534.2,53362.5,53362.5,4033,102692,69762.4,24175.0,24175.0,24159,24191,22.6,cudaLaunchKernel,"void at::native::elementwise_kernel<(int)128, (int)4, void at::native::gpu_kernel_impl_nocast<at::native::direct_copy_kernel_cuda(at::TensorIteratorBase &)::[lambda() (instance 3)]::operator ()() const::[lambda() (instance 2)]::operator ()() const::[lambda(signed char) (instance 1)]>(at::TensorIteratorBase &, const T1 &)::[lambda(int) (instance 1)]>(int, T3)"
27910,27910,0,4,4,81486.0,82240.0,56290,105174,26379.8,19449.8,7503.5,3854,58938,26408.7,16926.3,6882.0,894,53047,24560.6,45110.0,44926.0,44158,46430,1098.4,cudaLaunchKernel,"void at::native::unrolled_elementwise_kernel<at::native::direct_copy_kernel_cuda(at::TensorIteratorBase &)::[lambda() (instance 3)]::operator ()() const::[lambda() (instance 7)]::operator ()() const::[lambda(float) (instance 1)], std::array<char *, (unsigned long)2>, (int)4, TrivialOffsetCalculator<(int)1, unsigned int>, TrivialOffsetCalculator<(int)1, unsigned int>, at::native::memory::LoadWithCast<(int)1>, at::native::memory::StoreWithCast<(int)1>>(int, T1, T2, T4, T5, T6, T7)"
27910,27910,0,3,3,40661.3,41292.0,16810,63882,23542.3,11727.7,10429.0,3457,21297,8990.6,26534.0,35659.0,4141,39802,19503.2,2399.7,2240.0,2176,2783,333.5,cudaLaunchKernel,"void at::native::vectorized_elementwise_kernel<(int)2, at::native::FillFunctor<long>, std::array<char *, (unsigned long)1>>(int, T2, T3)"
27910,27910,0,2,2,31421.0,31421.0,23348,39494,11416.9,12890.0,12890.0,3807,21973,12845.3,2755.5,2755.5,1973,3538,1106.6,15775.5,15775.5,13983,17568,2535.0,cudaLaunchKernel,"void at::native::vectorized_elementwise_kernel<(int)4, at::native::float16_copy_kernel_cuda(at::TensorIteratorBase &)::[lambda(float) (instance 1)], std::array<char *, (unsigned long)2>>(int, T2, T3)"
